id;lastname;firstname;email
1;Industrial Road withdrawal;New Jersey interactive Stravenue;Rosamond90@gmail.com
2;secondary Centralized Principal;Meadows;Jose_Moore22@gmail.com
3;Generic Cotton Shoes District;Savings Account;Winfield.Hoeger@yahoo.com
4;SDD;viral bypassing action-items;Gwendolyn62@hotmail.com
5;deliverables;architectures ivory Configuration;Hipolito_Davis95@yahoo.com
6;plug-and-play Music Associate;architectures Delaware;Isabella_Morissette@hotmail.com
7;Avon Mills;frame JSON;Shyanne16@hotmail.com
8;vortals;XML input;Lilly.Schmidt@hotmail.com
9;Lead Hat;complexity systemic;Loraine_Daugherty31@gmail.com
10;intranet Mississippi JSON;silver;Dexter_Moen@hotmail.com
