id;lastname;firstname;email;linkedin;googleplus;role
1;Cambodia Rustic Dynamic;blue;Johnathon.Langosh@gmail.com;Fantastic Wooden Pants Communications Jewelery;project viral;North Dakota
2;functionalities;Unbranded Granite Keyboard;Arielle86@hotmail.com;Functionality;Cambridgeshire;Buckinghamshire Borders
3;cyan e-business;Granite Somali Shilling;Rickey22@yahoo.com;strategic PNG Checking Account;maximized brand French Guiana;granular Chair
4;real-time Clothing;Israel Clothing navigate;Gail15@hotmail.com;Designer PCI;Sharable invoice;azure Representative
5;Oklahoma Wooden Incredible Granite Ball;Auto Loan Account;Lenny_MacGyver@yahoo.com;attitude-oriented Infrastructure;Specialist Product incremental;Unbranded collaborative
6;utilize;sticky productize framework;Lela_Wintheiser@hotmail.com;Generic Metal Chair Direct Agent;International;Tuna
7;ADP;Home;Brannon.Fay@yahoo.com;GB;Alaska;Monaco THX
8;Switzerland framework;orchid Cambridgeshire;Horace2@gmail.com;Berkshire Ireland Ball;JSON end-to-end Wooden;Iranian Rial
9;USB Table withdrawal;transmit Luxembourg bricks-and-clicks;Della_Hodkiewicz@gmail.com;panel Arkansas;holistic Ball 24 hour;Tasty
10;initiative Maine;Shirt;Daphne_Pollich58@hotmail.com;EXE;JSON;24/365 Table National
